Time_s,RoadWheelAngle_deg
0,0
0.01,0
0.02,0
0.03,0
0.04,0
0.05,0
0.06,0
0.07,0
0.08,0
0.09,0
0.1,0
0.11,0
0.12,0
0.13,0
0.14,0
0.15,0
0.16,0
0.17,0
0.18,0
0.19,0
0.2,0
0.21,0
0.22,0
0.23,0
0.24,0
0.25,0
0.26,0
0.27,0
0.28,0
0.29,0
0.3,0
0.31,0
0.32,0
0.33,0
0.34,0
0.35,0
0.36,0
0.37,0
0.38,0
0.39,0
0.4,0
0.41,0
0.42,0
0.43,0
0.44,0
0.45,0
0.46,0
0.47,0
0.48,0
0.49,0
0.5,0
0.51,0
0.52,0
0.53,0
0.54,0
0.55,0
0.56,0
0.57,0
0.58,0
0.59,0
0.6,0
0.61,0
0.62,0
0.63,0
0.64,0
0.65,0
0.66,0
0.67,0
0.68,0
0.69,0
0.7,0
0.71,0
0.72,0
0.73,0
0.74,0
0.75,0
0.76,0
0.77,0
0.78,0
0.79,0
0.8,0
0.81,0
0.82,0
0.83,0
0.84,0
0.85,0
0.86,0
0.87,0
0.88,0
0.89,0
0.9,0
0.91,0
0.92,0
0.93,0
0.94,0
0.95,0
0.96,0
0.97,0
0.98,0
0.99,0
1,0
1.01,0.0392682932795517
1.02,0.0785268976953208
1.03,0.117766126774107
1.04,0.156976298823284
1.05,0.196147739319613
1.06,0.235270783296286
1.07,0.274335777727613
1.08,0.313333083910761
1.09,0.352253079843957
1.1,0.391086162600577
1.11,0.429822750698524
1.12,0.468453286464312
1.13,0.506968238391282
1.14,0.545358103491357
1.15,0.583613409639764
1.16,0.621724717912137
1.17,0.659682624913432
1.18,0.697477765098073
1.19,0.73510081308076
1.2,0.772542485937368
1.21,0.809793545495373
1.22,0.846844800613228
1.23,0.883687109448143
1.24,0.920311381711695
1.25,0.956708580912724
1.26,0.992869726586951
1.27,1.02878589651277
1.28,1.06444822891268
1.29,1.09984792463979
1.3,1.13497624934887
1.31,1.16982453565143
1.32,1.20438418525429
1.33,1.23864667108102
1.34,1.27260353937593
1.35,1.30624641178987
1.36,1.33956698744749
1.37,1.37255704499533
1.38,1.40520844463033
1.39,1.4375131301082
1.4,1.46946313073118
1.41,1.50105056331471
1.42,1.53226763413244
1.43,1.56310664083926
1.44,1.59355997437172
1.45,1.62362012082546
1.46,1.65327966330913
1.47,1.68253128377443
1.48,1.71136776482172
1.49,1.73978199148079
1.5,1.76776695296637
1.51,1.79531574440797
1.52,1.82242156855353
1.53,1.84907773744652
1.54,1.87527767407615
1.55,1.90101491400008
1.56,1.92628310693947
1.57,1.95107601834582
1.58,1.97538753093923
1.59,1.99921164621773
1.6,2.02254248593737
1.61,2.04537429356256
1.62,2.0677014356864
1.63,2.08951840342068
1.64,2.11081981375504
1.65,2.13160041088523
1.66,2.15185506750986
1.67,2.17157878609548
1.68,2.19076670010966
1.69,2.20941407522173
1.7,2.22751631047092
1.71,2.24506893940154
1.72,2.26206763116505
1.73,2.27850819158861
1.74,2.29438656420995
1.75,2.30969883127822
1.76,2.32444121472063
1.77,2.33861007707467
1.78,2.35220192238556
1.79,2.36521339706886
1.8,2.37764129073788
1.81,2.38948253699583
1.82,2.40073421419236
1.83,2.4113935461445
1.84,2.42145790282158
1.85,2.43092480099419
1.86,2.43979190484687
1.87,2.44805702655441
1.88,2.45571812682172
1.89,2.46277331538693
1.9,2.46922085148784
1.91,2.47505914429139
1.92,2.48028675328619
1.93,2.48490238863795
1.94,2.4889049115077
1.95,2.49229333433282
1.96,2.49506682107068
1.97,2.49722468740493
1.98,2.49876640091433
1.99,2.49969158120415
2,2.5
2.01,2.49969158120415
2.02,2.49876640091433
2.03,2.49722468740492
2.04,2.49506682107068
2.05,2.49229333433282
2.06,2.4889049115077
2.07,2.48490238863795
2.08,2.48028675328619
2.09,2.47505914429139
2.1,2.46922085148784
2.11,2.46277331538694
2.12,2.45571812682172
2.13,2.44805702655441
2.14,2.43979190484687
2.15,2.43092480099419
2.16,2.42145790282158
2.17,2.4113935461445
2.18,2.40073421419236
2.19,2.38948253699583
2.2,2.37764129073788
2.21,2.36521339706886
2.22,2.35220192238556
2.23,2.33861007707467
2.24,2.32444121472063
2.25,2.30969883127822
2.26,2.29438656420995
2.27,2.27850819158861
2.28,2.26206763116505
2.29,2.24506893940154
2.3,2.22751631047092
2.31,2.20941407522173
2.32,2.19076670010966
2.33,2.17157878609548
2.34,2.15185506750986
2.35,2.13160041088523
2.36,2.11081981375504
2.37,2.08951840342068
2.38,2.06770143568641
2.39,2.04537429356256
2.4,2.02254248593737
2.41,1.99921164621773
2.42,1.97538753093923
2.43,1.95107601834582
2.44,1.92628310693947
2.45,1.90101491400008
2.46,1.87527767407615
2.47,1.84907773744652
2.48,1.82242156855353
2.49,1.79531574440797
2.5,1.76776695296637
2.51,1.73978199148079
2.52,1.71136776482172
2.53,1.68253128377443
2.54,1.65327966330913
2.55,1.62362012082546
2.56,1.59355997437172
2.57,1.56310664083926
2.58,1.53226763413244
2.59,1.50105056331471
2.6,1.46946313073118
2.61,1.4375131301082
2.62,1.40520844463033
2.63,1.37255704499533
2.64,1.33956698744749
2.65,1.30624641178987
2.66,1.27260353937593
2.67,1.23864667108102
2.68,1.20438418525429
2.69,1.16982453565143
2.7,1.13497624934887
2.71,1.09984792463979
2.72,1.06444822891268
2.73,1.02878589651277
2.74,0.992869726586951
2.75,0.956708580912725
2.76,0.920311381711694
2.77,0.883687109448143
2.78,0.846844800613228
2.79,0.809793545495374
2.8,0.772542485937368
2.81,0.73510081308076
2.82,0.697477765098074
2.83,0.659682624913432
2.84,0.621724717912138
2.85,0.583613409639764
2.86,0.545358103491357
2.87,0.506968238391281
2.88,0.468453286464313
2.89,0.429822750698524
2.9,0.391086162600577
2.91,0.352253079843956
2.92,0.313333083910761
2.93,0.274335777727613
2.94,0.235270783296286
2.95,0.196147739319612
2.96,0.156976298823284
2.97,0.117766126774106
2.98,0.0785268976953206
2.99,0.0392682932795507
3,3.06161699786838e-16
3.01,-0.0392682932795523
3.02,-0.07852689769532
3.03,-0.117766126774107
3.04,-0.156976298823283
3.05,-0.196147739319613
3.06,-0.235270783296285
3.07,-0.274335777727614
3.08,-0.313333083910761
3.09,-0.352253079843955
3.1,-0.391086162600577
3.11,-0.429822750698523
3.12,-0.468453286464312
3.13,-0.50696823839128
3.14,-0.545358103491356
3.15,-0.583613409639763
3.16,-0.621724717912138
3.17,-0.659682624913431
3.18,-0.697477765098073
3.19,-0.73510081308076
3.2,-0.772542485937369
3.21,-0.809793545495373
3.22,-0.846844800613229
3.23,-0.883687109448143
3.24,-0.920311381711696
3.25,-0.956708580912724
3.26,-0.992869726586952
3.27,-1.02878589651277
3.28,-1.06444822891268
3.29,-1.09984792463979
3.3,-1.13497624934887
3.31,-1.16982453565143
3.32,-1.20438418525429
3.33,-1.23864667108102
3.34,-1.27260353937593
3.35,-1.30624641178987
3.36,-1.33956698744749
3.37,-1.37255704499533
3.38,-1.40520844463033
3.39,-1.4375131301082
3.4,-1.46946313073118
3.41,-1.50105056331471
3.42,-1.53226763413244
3.43,-1.56310664083926
3.44,-1.59355997437172
3.45,-1.62362012082546
3.46,-1.65327966330913
3.47,-1.68253128377443
3.48,-1.71136776482172
3.49,-1.73978199148079
3.5,-1.76776695296637
3.51,-1.79531574440797
3.52,-1.82242156855353
3.53,-1.84907773744652
3.54,-1.87527767407615
3.55,-1.90101491400008
3.56,-1.92628310693947
3.57,-1.95107601834582
3.58,-1.97538753093923
3.59,-1.99921164621773
3.6,-2.02254248593737
3.61,-2.04537429356256
3.62,-2.0677014356864
3.63,-2.08951840342068
3.64,-2.11081981375504
3.65,-2.13160041088523
3.66,-2.15185506750986
3.67,-2.17157878609548
3.68,-2.19076670010966
3.69,-2.20941407522173
3.7,-2.22751631047092
3.71,-2.24506893940154
3.72,-2.26206763116505
3.73,-2.27850819158861
3.74,-2.29438656420995
3.75,-2.30969883127822
3.76,-2.32444121472063
3.77,-2.33861007707467
3.78,-2.35220192238556
3.79,-2.36521339706886
3.8,-2.37764129073788
3.81,-2.38948253699582
3.82,-2.40073421419236
3.83,-2.41139354614449
3.84,-2.42145790282158
3.85,-2.43092480099419
3.86,-2.43979190484687
3.87,-2.44805702655441
3.88,-2.45571812682172
3.89,-2.46277331538693
3.9,-2.46922085148784
3.91,-2.47505914429139
3.92,-2.48028675328619
3.93,-2.48490238863795
3.94,-2.4889049115077
3.95,-2.49229333433282
3.96,-2.49506682107068
3.97,-2.49722468740493
3.98,-2.49876640091433
3.99,-2.49969158120415
4,-2.5
4.01,-2.49969158120415
4.02,-2.49876640091433
4.03,-2.49722468740492
4.04,-2.49506682107068
4.05,-2.49229333433282
4.06,-2.4889049115077
4.07,-2.48490238863795
4.08,-2.48028675328619
4.09,-2.47505914429139
4.1,-2.46922085148784
4.11,-2.46277331538693
4.12,-2.45571812682172
4.13,-2.44805702655441
4.14,-2.43979190484687
4.15,-2.43092480099419
4.16,-2.42145790282158
4.17,-2.4113935461445
4.18,-2.40073421419236
4.19,-2.38948253699582
4.2,-2.37764129073788
4.21,-2.36521339706886
4.22,-2.35220192238556
4.23,-2.33861007707467
4.24,-2.32444121472063
4.25,-2.30969883127822
4.26,-2.29438656420995
4.27,-2.27850819158861
4.28,-2.26206763116505
4.29,-2.24506893940154
4.3,-2.22751631047092
4.31,-2.20941407522173
4.32,-2.19076670010966
4.33,-2.17157878609548
4.34,-2.15185506750986
4.35,-2.13160041088523
4.36,-2.11081981375504
4.37,-2.08951840342068
4.38,-2.0677014356864
4.39,-2.04537429356256
4.4,-2.02254248593737
4.41,-1.99921164621773
4.42,-1.97538753093923
4.43,-1.95107601834583
4.44,-1.92628310693947
4.45,-1.90101491400008
4.46,-1.87527767407615
4.47,-1.84907773744653
4.48,-1.82242156855353
4.49,-1.79531574440797
4.5,-1.76776695296637
4.51,-1.73978199148079
4.52,-1.71136776482172
4.53,-1.68253128377443
4.54,-1.65327966330913
4.55,-1.62362012082546
4.56,-1.59355997437172
4.57,-1.56310664083926
4.58,-1.53226763413244
4.59,-1.50105056331471
4.6,-1.46946313073118
4.61,-1.4375131301082
4.62,-1.40520844463033
4.63,-1.37255704499533
4.64,-1.33956698744749
4.65,-1.30624641178987
4.66,-1.27260353937593
4.67,-1.23864667108102
4.68,-1.20438418525429
4.69,-1.16982453565143
4.7,-1.13497624934887
4.71,-1.09984792463979
4.72,-1.06444822891268
4.73,-1.02878589651277
4.74,-0.992869726586951
4.75,-0.956708580912726
4.76,-0.920311381711697
4.77,-0.883687109448141
4.78,-0.846844800613229
4.79,-0.809793545495374
4.8,-0.772542485937369
4.81,-0.735100813080758
4.82,-0.697477765098072
4.83,-0.659682624913433
4.84,-0.621724717912138
4.85,-0.583613409639763
4.86,-0.545358103491356
4.87,-0.506968238391281
4.88,-0.468453286464312
4.89,-0.429822750698526
4.9,-0.391086162600576
4.91,-0.352253079843957
4.92,-0.313333083910762
4.93,-0.274335777727614
4.94,-0.235270783296285
4.95,-0.196147739319612
4.96,-0.156976298823283
4.97,-0.117766126774109
4.98,-0.0785268976953187
4.99,-0.0392682932795521
5,0
5.01,0
5.02,0
5.03,0
5.04,0
5.05,0
5.06,0
5.07,0
5.08,0
5.09,0
5.1,0
5.11,0
5.12,0
5.13,0
5.14,0
5.15,0
5.16,0
5.17,0
5.18,0
5.19,0
5.2,0
5.21,0
5.22,0
5.23,0
5.24,0
5.25,0
5.26,0
5.27,0
5.28,0
5.29,0
5.3,0
5.31,0
5.32,0
5.33,0
5.34,0
5.35,0
5.36,0
5.37,0
5.38,0
5.39,0
5.4,0
5.41,0
5.42,0
5.43,0
5.44,0
5.45,0
5.46,0
5.47,0
5.48,0
5.49,0
5.5,-0
5.51,-0.0392682932795509
5.52,-0.0785268976953225
5.53,-0.117766126774108
5.54,-0.156976298823284
5.55,-0.196147739319612
5.56,-0.235270783296288
5.57,-0.274335777727614
5.58,-0.313333083910761
5.59,-0.352253079843956
5.6,-0.391086162600579
5.61,-0.429822750698525
5.62,-0.468453286464312
5.63,-0.506968238391281
5.64,-0.545358103491355
5.65,-0.583613409639765
5.66,-0.621724717912138
5.67,-0.659682624913432
5.68,-0.697477765098072
5.69,-0.735100813080761
5.7,-0.772542485937369
5.71,-0.809793545495373
5.72,-0.846844800613227
5.73,-0.883687109448144
5.74,-0.920311381711696
5.75,-0.956708580912724
5.76,-0.992869726586951
5.77,-1.02878589651277
5.78,-1.06444822891268
5.79,-1.09984792463979
5.8,-1.13497624934887
5.81,-1.16982453565144
5.82,-1.20438418525429
5.83,-1.23864667108102
5.84,-1.27260353937593
5.85,-1.30624641178987
5.86,-1.33956698744749
5.87,-1.37255704499533
5.88,-1.40520844463033
5.89,-1.4375131301082
5.9,-1.46946313073118
5.91,-1.50105056331471
5.92,-1.53226763413244
5.93,-1.56310664083926
5.94,-1.59355997437173
5.95,-1.62362012082546
5.96,-1.65327966330913
5.97,-1.68253128377443
5.98,-1.71136776482172
5.99,-1.73978199148079
6,-1.76776695296637
6.01,-1.79531574440797
6.02,-1.82242156855353
6.03,-1.84907773744652
6.04,-1.87527767407615
6.05,-1.90101491400008
6.06,-1.92628310693947
6.07,-1.95107601834583
6.08,-1.97538753093923
6.09,-1.99921164621773
6.1,-2.02254248593737
6.11,-2.04537429356256
6.12,-2.0677014356864
6.13,-2.08951840342068
6.14,-2.11081981375504
6.15,-2.13160041088523
6.16,-2.15185506750986
6.17,-2.17157878609548
6.18,-2.19076670010966
6.19,-2.20941407522173
6.2,-2.22751631047092
6.21,-2.24506893940154
6.22,-2.26206763116505
6.23,-2.27850819158861
6.24,-2.29438656420995
6.25,-2.30969883127822
6.26,-2.32444121472063
6.27,-2.33861007707467
6.28,-2.35220192238556
6.29,-2.36521339706886
6.3,-2.37764129073788
6.31,-2.38948253699582
6.32,-2.40073421419236
6.33,-2.4113935461445
6.34,-2.42145790282158
6.35,-2.43092480099419
6.36,-2.43979190484687
6.37,-2.44805702655441
6.38,-2.45571812682172
6.39,-2.46277331538693
6.4,-2.46922085148784
6.41,-2.47505914429139
6.42,-2.48028675328619
6.43,-2.48490238863795
6.44,-2.4889049115077
6.45,-2.49229333433282
6.46,-2.49506682107068
6.47,-2.49722468740492
6.48,-2.49876640091433
6.49,-2.49969158120415
6.5,-2.5
6.51,-2.49969158120415
6.52,-2.49876640091433
6.53,-2.49722468740492
6.54,-2.49506682107068
6.55,-2.49229333433282
6.56,-2.4889049115077
6.57,-2.48490238863795
6.58,-2.48028675328619
6.59,-2.47505914429139
6.6,-2.46922085148784
6.61,-2.46277331538693
6.62,-2.45571812682172
6.63,-2.44805702655441
6.64,-2.43979190484687
6.65,-2.43092480099419
6.66,-2.42145790282158
6.67,-2.4113935461445
6.68,-2.40073421419236
6.69,-2.38948253699583
6.7,-2.37764129073788
6.71,-2.36521339706886
6.72,-2.35220192238556
6.73,-2.33861007707467
6.74,-2.32444121472063
6.75,-2.30969883127822
6.76,-2.29438656420995
6.77,-2.27850819158861
6.78,-2.26206763116505
6.79,-2.24506893940154
6.8,-2.22751631047092
6.81,-2.20941407522173
6.82,-2.19076670010966
6.83,-2.17157878609548
6.84,-2.15185506750986
6.85,-2.13160041088523
6.86,-2.11081981375504
6.87,-2.08951840342068
6.88,-2.06770143568641
6.89,-2.04537429356256
6.9,-2.02254248593737
6.91,-1.99921164621773
6.92,-1.97538753093923
6.93,-1.95107601834582
6.94,-1.92628310693947
6.95,-1.90101491400008
6.96,-1.87527767407615
6.97,-1.84907773744652
6.98,-1.82242156855353
6.99,-1.79531574440797
7,-1.76776695296637
7.01,-1.73978199148079
7.02,-1.71136776482172
7.03,-1.68253128377443
7.04,-1.65327966330913
7.05,-1.62362012082546
7.06,-1.59355997437173
7.07,-1.56310664083926
7.08,-1.53226763413244
7.09,-1.50105056331471
7.1,-1.46946313073118
7.11,-1.4375131301082
7.12,-1.40520844463033
7.13,-1.37255704499533
7.14,-1.33956698744749
7.15,-1.30624641178987
7.16,-1.27260353937593
7.17,-1.23864667108102
7.18,-1.20438418525429
7.19,-1.16982453565144
7.2,-1.13497624934887
7.21,-1.09984792463979
7.22,-1.06444822891268
7.23,-1.02878589651277
7.24,-0.992869726586951
7.25,-0.956708580912725
7.26,-0.920311381711696
7.27,-0.883687109448145
7.28,-0.846844800613228
7.29,-0.809793545495374
7.3,-0.77254248593737
7.31,-0.735100813080761
7.32,-0.697477765098073
7.33,-0.659682624913432
7.34,-0.621724717912138
7.35,-0.583613409639765
7.36,-0.545358103491356
7.37,-0.506968238391281
7.38,-0.468453286464313
7.39,-0.429822750698525
7.4,-0.39108616260058
7.41,-0.352253079843956
7.42,-0.313333083910761
7.43,-0.274335777727614
7.44,-0.235270783296288
7.45,-0.196147739319612
7.46,-0.156976298823284
7.47,-0.117766126774107
7.48,-0.0785268976953228
7.49,-0.0392682932795507
7.5,-3.06161699786838e-16
7.51,0.03926829327955
7.52,0.0785268976953189
7.53,0.117766126774107
7.54,0.156976298823283
7.55,0.196147739319611
7.56,0.235270783296284
7.57,0.274335777727614
7.58,0.313333083910761
7.59,0.352253079843955
7.6,0.391086162600576
7.61,0.429822750698524
7.62,0.468453286464312
7.63,0.50696823839128
7.64,0.545358103491355
7.65,0.583613409639761
7.66,0.621724717912138
7.67,0.659682624913431
7.68,0.697477765098072
7.69,0.735100813080758
7.7,0.772542485937369
7.71,0.809793545495373
7.72,0.846844800613228
7.73,0.883687109448141
7.74,0.920311381711696
7.75,0.956708580912724
7.76,0.99286972658695
7.77,1.02878589651277
7.78,1.06444822891268
7.79,1.09984792463979
7.8,1.13497624934887
7.81,1.16982453565143
7.82,1.20438418525429
7.83,1.23864667108102
7.84,1.27260353937593
7.85,1.30624641178987
7.86,1.33956698744749
7.87,1.37255704499533
7.88,1.40520844463033
7.89,1.4375131301082
7.9,1.46946313073118
7.91,1.50105056331471
7.92,1.53226763413244
7.93,1.56310664083926
7.94,1.59355997437172
7.95,1.62362012082546
7.96,1.65327966330913
7.97,1.68253128377443
7.98,1.71136776482172
7.99,1.73978199148079
8,1.76776695296637
8.01,1.79531574440797
8.02,1.82242156855353
8.03,1.84907773744652
8.04,1.87527767407615
8.05,1.90101491400008
8.06,1.92628310693947
8.07,1.95107601834582
8.08,1.97538753093923
8.09,1.99921164621773
8.1,2.02254248593737
8.11,2.04537429356256
8.12,2.06770143568641
8.13,2.08951840342067
8.14,2.11081981375504
8.15,2.13160041088523
8.16,2.15185506750986
8.17,2.17157878609548
8.18,2.19076670010966
8.19,2.20941407522173
8.2,2.22751631047092
8.21,2.24506893940154
8.22,2.26206763116505
8.23,2.27850819158861
8.24,2.29438656420995
8.25,2.30969883127822
8.26,2.32444121472063
8.27,2.33861007707467
8.28,2.35220192238556
8.29,2.36521339706886
8.3,2.37764129073788
8.31,2.38948253699583
8.32,2.40073421419236
8.33,2.41139354614449
8.34,2.42145790282158
8.35,2.43092480099419
8.36,2.43979190484687
8.37,2.44805702655442
8.38,2.45571812682172
8.39,2.46277331538694
8.4,2.46922085148784
8.41,2.47505914429139
8.42,2.48028675328619
8.43,2.48490238863795
8.44,2.4889049115077
8.45,2.49229333433282
8.46,2.49506682107068
8.47,2.49722468740492
8.48,2.49876640091433
8.49,2.49969158120415
8.5,2.5
8.51,2.49969158120415
8.52,2.49876640091433
8.53,2.49722468740493
8.54,2.49506682107068
8.55,2.49229333433282
8.56,2.4889049115077
8.57,2.48490238863795
8.58,2.48028675328619
8.59,2.47505914429139
8.6,2.46922085148784
8.61,2.46277331538694
8.62,2.45571812682172
8.63,2.44805702655442
8.64,2.43979190484687
8.65,2.43092480099419
8.66,2.42145790282158
8.67,2.4113935461445
8.68,2.40073421419236
8.69,2.38948253699583
8.7,2.37764129073788
8.71,2.36521339706886
8.72,2.35220192238557
8.73,2.33861007707467
8.74,2.32444121472063
8.75,2.30969883127822
8.76,2.29438656420995
8.77,2.27850819158861
8.78,2.26206763116505
8.79,2.24506893940154
8.8,2.22751631047092
8.81,2.20941407522173
8.82,2.19076670010966
8.83,2.17157878609548
8.84,2.15185506750986
8.85,2.13160041088523
8.86,2.11081981375504
8.87,2.08951840342067
8.88,2.06770143568641
8.89,2.04537429356256
8.9,2.02254248593737
8.91,1.99921164621773
8.92,1.97538753093923
8.93,1.95107601834583
8.94,1.92628310693947
8.95,1.90101491400008
8.96,1.87527767407615
8.97,1.84907773744653
8.98,1.82242156855353
8.99,1.79531574440797
9,1.76776695296637
9.01,1.73978199148079
9.02,1.71136776482172
9.03,1.68253128377444
9.04,1.65327966330913
9.05,1.62362012082546
9.06,1.59355997437172
9.07,1.56310664083926
9.08,1.53226763413244
9.09,1.50105056331471
9.1,1.46946313073119
9.11,1.4375131301082
9.12,1.40520844463032
9.13,1.37255704499533
9.14,1.33956698744749
9.15,1.30624641178987
9.16,1.27260353937593
9.17,1.23864667108102
9.18,1.20438418525429
9.19,1.16982453565144
9.2,1.13497624934887
9.21,1.09984792463978
9.22,1.06444822891269
9.23,1.02878589651277
9.24,0.992869726586951
9.25,0.956708580912726
9.26,0.920311381711697
9.27,0.883687109448145
9.28,0.846844800613231
9.29,0.809793545495378
9.3,0.772542485937367
9.31,0.735100813080758
9.32,0.697477765098072
9.33,0.659682624913433
9.34,0.621724717912138
9.35,0.583613409639765
9.36,0.545358103491358
9.37,0.506968238391279
9.38,0.468453286464316
9.39,0.429822750698522
9.4,0.391086162600576
9.41,0.352253079843957
9.42,0.313333083910762
9.43,0.274335777727614
9.44,0.235270783296287
9.45,0.196147739319616
9.46,0.156976298823281
9.47,0.117766126774111
9.48,0.0785268976953187
9.49,0.0392682932795521
9.5,0
9.51,0
9.52,0
9.53,0
9.54,0
9.55,0
9.56,0
9.57,0
9.58,0
9.59,0
9.6,0
9.61,0
9.62,0
9.63,0
9.64,0
9.65,0
9.66,0
9.67,0
9.68,0
9.69,0
9.7,0
9.71,0
9.72,0
9.73,0
9.74,0
9.75,0
9.76,0
9.77,0
9.78,0
9.79,0
9.8,0
9.81,0
9.82,0
9.83,0
9.84,0
9.85,0
9.86,0
9.87,0
9.88,0
9.89,0
9.9,0
9.91,0
9.92,0
9.93,0
9.94,0
9.95,0
9.96,0
9.97,0
9.98,0
9.99,0
10,0
10.01,0
10.02,0
10.03,0
10.04,0
10.05,0
10.06,0
10.07,0
10.08,0
10.09,0
10.1,0
10.11,0
10.12,0
10.13,0
10.14,0
10.15,0
10.16,0
10.17,0
10.18,0
10.19,0
10.2,0
10.21,0
10.22,0
10.23,0
10.24,0
10.25,0
10.26,0
10.27,0
10.28,0
10.29,0
10.3,0
10.31,0
10.32,0
10.33,0
10.34,0
10.35,0
10.36,0
10.37,0
10.38,0
10.39,0
10.4,0
10.41,0
10.42,0
10.43,0
10.44,0
10.45,0
10.46,0
10.47,0
10.48,0
10.49,0
10.5,0
10.51,0
10.52,0
10.53,0
10.54,0
10.55,0
10.56,0
10.57,0
10.58,0
10.59,0
10.6,0
10.61,0
10.62,0
10.63,0
10.64,0
10.65,0
10.66,0
10.67,0
10.68,0
10.69,0
10.7,0
10.71,0
10.72,0
10.73,0
10.74,0
10.75,0
10.76,0
10.77,0
10.78,0
10.79,0
10.8,0
10.81,0
10.82,0
10.83,0
10.84,0
10.85,0
10.86,0
10.87,0
10.88,0
10.89,0
10.9,0
10.91,0
10.92,0
10.93,0
10.94,0
10.95,0
10.96,0
10.97,0
10.98,0
10.99,0
11,0
11.01,0
11.02,0
11.03,0
11.04,0
11.05,0
11.06,0
11.07,0
11.08,0
11.09,0
11.1,0
11.11,0
11.12,0
11.13,0
11.14,0
11.15,0
11.16,0
11.17,0
11.18,0
11.19,0
11.2,0
11.21,0
11.22,0
11.23,0
11.24,0
11.25,0
11.26,0
11.27,0
11.28,0
11.29,0
11.3,0
11.31,0
11.32,0
11.33,0
11.34,0
11.35,0
11.36,0
11.37,0
11.38,0
11.39,0
11.4,0
11.41,0
11.42,0
11.43,0
11.44,0
11.45,0
11.46,0
11.47,0
11.48,0
11.49,0
11.5,0
11.51,0
11.52,0
11.53,0
11.54,0
11.55,0
11.56,0
11.57,0
11.58,0
11.59,0
11.6,0
11.61,0
11.62,0
11.63,0
11.64,0
11.65,0
11.66,0
11.67,0
11.68,0
11.69,0
11.7,0
11.71,0
11.72,0
11.73,0
11.74,0
11.75,0
11.76,0
11.77,0
11.78,0
11.79,0
11.8,0
11.81,0
11.82,0
11.83,0
11.84,0
11.85,0
11.86,0
11.87,0
11.88,0
11.89,0
11.9,0
11.91,0
11.92,0
11.93,0
11.94,0
11.95,0
11.96,0
11.97,0
11.98,0
11.99,0
12,0
