Time_s,HandwheelAngle_deg
0,0
0.01,0
0.02,0
0.03,0
0.04,0
0.05,0
0.06,0
0.07,0
0.08,0
0.09,0
0.1,0
0.11,0
0.12,0
0.13,0
0.14,0
0.15,0
0.16,0
0.17,0
0.18,0
0.19,0
0.2,0
0.21,0
0.22,0
0.23,0
0.24,0
0.25,0
0.26,0
0.27,0
0.28,0
0.29,0
0.3,0
0.31,0
0.32,0
0.33,0
0.34,0
0.35,0
0.36,0
0.37,0
0.38,0
0.39,0
0.4,0
0.41,0
0.42,0
0.43,0
0.44,0
0.45,0
0.46,0
0.47,0
0.48,0
0.49,0
0.5,0
0.51,0
0.52,0
0.53,0
0.54,0
0.55,0
0.56,0
0.57,0
0.58,0
0.59,0
0.6,0
0.61,0
0.62,0
0.63,0
0.64,0
0.65,0
0.66,0
0.67,0
0.68,0
0.69,0
0.7,0
0.71,0
0.72,0
0.73,0
0.74,0
0.75,0
0.76,0
0.77,0
0.78,0
0.79,0
0.8,0
0.81,0
0.82,0
0.83,0
0.84,0
0.85,0
0.86,0
0.87,0
0.88,0
0.89,0
0.9,0
0.91,0
0.92,0
0.93,0
0.94,0
0.95,0
0.96,0
0.97,0
0.98,0
0.99,0
1,0
1.01,0.628292692472827
1.02,1.25643036312513
1.03,1.88425802838571
1.04,2.51162078117254
1.05,3.13836382911381
1.06,3.76433253274058
1.07,4.38937244364181
1.08,5.01332934257218
1.09,5.63604927750331
1.1,6.25737860160923
1.11,6.87716401117638
1.12,7.49525258342899
1.13,8.11149181426051
1.14,8.72572965586171
1.15,9.33781455423622
1.16,9.94759548659419
1.17,10.5549219986149
1.18,11.1596442415692
1.19,11.7616130092922
1.2,12.3606797749979
1.21,12.956696727926
1.22,13.5495168098116
1.23,14.1389937511703
1.24,14.7249821073871
1.25,15.3073372946036
1.26,15.8859156253912
1.27,16.4605743442043
1.28,17.0311716626029
1.29,17.5975667942366
1.3,18.1596199895819
1.31,18.7171925704229
1.32,19.2701469640686
1.33,19.8183467372963
1.34,20.3616566300149
1.35,20.8999425886379
1.36,21.4330717991598
1.37,21.9609127199253
1.38,22.4833351140853
1.39,23.0002100817312
1.4,23.5114100916989
1.41,24.0168090130354
1.42,24.516282146119
1.43,25.0097062534282
1.44,25.4969595899475
1.45,25.9779219332074
1.46,26.4524746129461
1.47,26.9205005403909
1.48,27.3818842371475
1.49,27.8365118636926
1.5,28.2842712474619
1.51,28.7250519105275
1.52,29.1587450968565
1.53,29.5852437991443
1.54,30.0044427852184
1.55,30.4162386240013
1.56,30.8205297110315
1.57,31.2172162935331
1.58,31.6062004950277
1.59,31.9873863394837
1.6,32.3606797749979
1.61,32.725988697001
1.62,33.0832229709824
1.63,33.4322944547309
1.64,33.7731170200806
1.65,34.1056065741637
1.66,34.4296810801578
1.67,34.7452605775277
1.68,35.0522672017546
1.69,35.3506252035477
1.7,35.6402609675347
1.71,35.9211030304246
1.72,36.1930820986408
1.73,36.4561310654178
1.74,36.7101850273592
1.75,36.9551813004515
1.76,37.1910594355301
1.77,37.4177612331947
1.78,37.635230758169
1.79,37.8434143531018
1.8,38.0422606518061
1.81,38.2317205919333
1.82,38.4117474270778
1.83,38.582296738312
1.84,38.7433264451453
1.85,38.894796815907
1.86,39.0366704775499
1.87,39.1689124248706
1.88,39.2914900291475
1.89,39.4043730461909
1.9,39.5075336238054
1.91,39.6009463086622
1.92,39.684588052579
1.93,39.7584382182072
1.94,39.8224785841232
1.95,39.8766933493251
1.96,39.9210691371309
1.97,39.9555949984789
1.98,39.9802624146293
1.99,39.9950652992664
2,40
2.01,39.9950652992664
2.02,39.9802624146293
2.03,39.9555949984787
2.04,39.9210691371309
2.05,39.8766933493251
2.06,39.8224785841232
2.07,39.7584382182072
2.08,39.684588052579
2.09,39.6009463086622
2.1,39.5075336238054
2.11,39.404373046191
2.12,39.2914900291475
2.13,39.1689124248706
2.14,39.0366704775499
2.15,38.894796815907
2.16,38.7433264451453
2.17,38.582296738312
2.18,38.4117474270778
2.19,38.2317205919333
2.2,38.0422606518061
2.21,37.8434143531018
2.22,37.635230758169
2.23,37.4177612331947
2.24,37.1910594355301
2.25,36.9551813004515
2.26,36.7101850273592
2.27,36.4561310654178
2.28,36.1930820986408
2.29,35.9211030304246
2.3,35.6402609675347
2.31,35.3506252035477
2.32,35.0522672017546
2.33,34.7452605775277
2.34,34.4296810801578
2.35,34.1056065741637
2.36,33.7731170200806
2.37,33.4322944547309
2.38,33.0832229709826
2.39,32.725988697001
2.4,32.3606797749979
2.41,31.9873863394837
2.42,31.6062004950277
2.43,31.2172162935331
2.44,30.8205297110315
2.45,30.4162386240013
2.46,30.0044427852184
2.47,29.5852437991443
2.48,29.1587450968565
2.49,28.7250519105275
2.5,28.2842712474619
2.51,27.8365118636926
2.52,27.3818842371475
2.53,26.9205005403909
2.54,26.4524746129461
2.55,25.9779219332074
2.56,25.4969595899475
2.57,25.0097062534282
2.58,24.516282146119
2.59,24.0168090130354
2.6,23.5114100916989
2.61,23.0002100817312
2.62,22.4833351140853
2.63,21.9609127199253
2.64,21.4330717991598
2.65,20.8999425886379
2.66,20.3616566300149
2.67,19.8183467372963
2.68,19.2701469640686
2.69,18.7171925704229
2.7,18.1596199895819
2.71,17.5975667942366
2.72,17.0311716626029
2.73,16.4605743442043
2.74,15.8859156253912
2.75,15.3073372946036
2.76,14.7249821073871
2.77,14.1389937511703
2.78,13.5495168098116
2.79,12.956696727926
2.8,12.3606797749979
2.81,11.7616130092922
2.82,11.1596442415692
2.83,10.5549219986149
2.84,9.94759548659421
2.85,9.33781455423622
2.86,8.72572965586171
2.87,8.1114918142605
2.88,7.49525258342901
2.89,6.87716401117638
2.9,6.25737860160923
2.91,5.6360492775033
2.92,5.01332934257218
2.93,4.38937244364181
2.94,3.76433253274058
2.95,3.13836382911379
2.96,2.51162078117254
2.97,1.8842580283857
2.98,1.25643036312513
2.99,0.628292692472811
3,4.89858719658941e-15
3.01,-0.628292692472837
3.02,-1.25643036312512
3.03,-1.88425802838571
3.04,-2.51162078117253
3.05,-3.13836382911381
3.06,-3.76433253274056
3.07,-4.38937244364182
3.08,-5.01332934257218
3.09,-5.63604927750328
3.1,-6.25737860160923
3.11,-6.87716401117637
3.12,-7.49525258342899
3.13,-8.11149181426048
3.14,-8.7257296558617
3.15,-9.33781455423621
3.16,-9.94759548659421
3.17,-10.5549219986149
3.18,-11.1596442415692
3.19,-11.7616130092922
3.2,-12.3606797749979
3.21,-12.956696727926
3.22,-13.5495168098117
3.23,-14.1389937511703
3.24,-14.7249821073871
3.25,-15.3073372946036
3.26,-15.8859156253912
3.27,-16.4605743442043
3.28,-17.0311716626029
3.29,-17.5975667942366
3.3,-18.1596199895819
3.31,-18.7171925704229
3.32,-19.2701469640686
3.33,-19.8183467372963
3.34,-20.3616566300149
3.35,-20.8999425886379
3.36,-21.4330717991598
3.37,-21.9609127199253
3.38,-22.4833351140853
3.39,-23.0002100817312
3.4,-23.5114100916989
3.41,-24.0168090130354
3.42,-24.516282146119
3.43,-25.0097062534282
3.44,-25.4969595899475
3.45,-25.9779219332074
3.46,-26.4524746129461
3.47,-26.9205005403909
3.48,-27.3818842371475
3.49,-27.8365118636926
3.5,-28.2842712474619
3.51,-28.7250519105275
3.52,-29.1587450968565
3.53,-29.5852437991443
3.54,-30.0044427852184
3.55,-30.4162386240013
3.56,-30.8205297110315
3.57,-31.2172162935331
3.58,-31.6062004950277
3.59,-31.9873863394837
3.6,-32.3606797749979
3.61,-32.725988697001
3.62,-33.0832229709824
3.63,-33.4322944547309
3.64,-33.7731170200806
3.65,-34.1056065741637
3.66,-34.4296810801578
3.67,-34.7452605775277
3.68,-35.0522672017546
3.69,-35.3506252035477
3.7,-35.6402609675347
3.71,-35.9211030304246
3.72,-36.1930820986408
3.73,-36.4561310654178
3.74,-36.7101850273592
3.75,-36.9551813004515
3.76,-37.1910594355301
3.77,-37.4177612331947
3.78,-37.635230758169
3.79,-37.8434143531018
3.8,-38.0422606518061
3.81,-38.2317205919331
3.82,-38.4117474270778
3.83,-38.5822967383118
3.84,-38.7433264451453
3.85,-38.894796815907
3.86,-39.0366704775499
3.87,-39.1689124248706
3.88,-39.2914900291475
3.89,-39.4043730461909
3.9,-39.5075336238054
3.91,-39.6009463086622
3.92,-39.684588052579
3.93,-39.7584382182072
3.94,-39.8224785841232
3.95,-39.8766933493251
3.96,-39.9210691371309
3.97,-39.9555949984789
3.98,-39.9802624146293
3.99,-39.9950652992664
4,-40
4.01,-39.9950652992664
4.02,-39.9802624146293
4.03,-39.9555949984787
4.04,-39.9210691371309
4.05,-39.8766933493251
4.06,-39.8224785841232
4.07,-39.7584382182072
4.08,-39.684588052579
4.09,-39.6009463086622
4.1,-39.5075336238054
4.11,-39.4043730461909
4.12,-39.2914900291475
4.13,-39.1689124248706
4.14,-39.0366704775499
4.15,-38.894796815907
4.16,-38.7433264451453
4.17,-38.582296738312
4.18,-38.4117474270778
4.19,-38.2317205919331
4.2,-38.0422606518061
4.21,-37.8434143531018
4.22,-37.635230758169
4.23,-37.4177612331947
4.24,-37.1910594355301
4.25,-36.9551813004515
4.26,-36.7101850273592
4.27,-36.4561310654178
4.28,-36.1930820986408
4.29,-35.9211030304246
4.3,-35.6402609675347
4.31,-35.3506252035477
4.32,-35.0522672017546
4.33,-34.7452605775277
4.34,-34.4296810801578
4.35,-34.1056065741637
4.36,-33.7731170200806
4.37,-33.4322944547309
4.38,-33.0832229709824
4.39,-32.725988697001
4.4,-32.3606797749979
4.41,-31.9873863394837
4.42,-31.6062004950277
4.43,-31.2172162935333
4.44,-30.8205297110315
4.45,-30.4162386240013
4.46,-30.0044427852184
4.47,-29.5852437991445
4.48,-29.1587450968565
4.49,-28.7250519105275
4.5,-28.2842712474619
4.51,-27.8365118636926
4.52,-27.3818842371475
4.53,-26.9205005403909
4.54,-26.4524746129461
4.55,-25.9779219332074
4.56,-25.4969595899475
4.57,-25.0097062534282
4.58,-24.516282146119
4.59,-24.0168090130354
4.6,-23.5114100916989
4.61,-23.0002100817312
4.62,-22.4833351140853
4.63,-21.9609127199253
4.64,-21.4330717991598
4.65,-20.8999425886379
4.66,-20.3616566300149
4.67,-19.8183467372963
4.68,-19.2701469640686
4.69,-18.7171925704229
4.7,-18.1596199895819
4.71,-17.5975667942366
4.72,-17.0311716626029
4.73,-16.4605743442043
4.74,-15.8859156253912
4.75,-15.3073372946036
4.76,-14.7249821073872
4.77,-14.1389937511703
4.78,-13.5495168098117
4.79,-12.956696727926
4.8,-12.3606797749979
4.81,-11.7616130092921
4.82,-11.1596442415692
4.83,-10.5549219986149
4.84,-9.94759548659421
4.85,-9.33781455423621
4.86,-8.7257296558617
4.87,-8.1114918142605
4.88,-7.49525258342899
4.89,-6.87716401117642
4.9,-6.25737860160922
4.91,-5.63604927750331
4.92,-5.01332934257219
4.93,-4.38937244364182
4.94,-3.76433253274056
4.95,-3.13836382911379
4.96,-2.51162078117253
4.97,-1.88425802838574
4.98,-1.2564303631251
4.99,-0.628292692472834
5,0
5.01,0
5.02,0
5.03,0
5.04,0
5.05,0
5.06,0
5.07,0
5.08,0
5.09,0
5.1,0
5.11,0
5.12,0
5.13,0
5.14,0
5.15,0
5.16,0
5.17,0
5.18,0
5.19,0
5.2,0
5.21,0
5.22,0
5.23,0
5.24,0
5.25,0
5.26,0
5.27,0
5.28,0
5.29,0
5.3,0
5.31,0
5.32,0
5.33,0
5.34,0
5.35,0
5.36,0
5.37,0
5.38,0
5.39,0
5.4,0
5.41,0
5.42,0
5.43,0
5.44,0
5.45,0
5.46,0
5.47,0
5.48,0
5.49,0
5.5,-0
5.51,-0.628292692472814
5.52,-1.25643036312516
5.53,-1.88425802838573
5.54,-2.51162078117254
5.55,-3.13836382911379
5.56,-3.76433253274061
5.57,-4.38937244364182
5.58,-5.01332934257218
5.59,-5.6360492775033
5.6,-6.25737860160926
5.61,-6.8771640111764
5.62,-7.49525258342899
5.63,-8.1114918142605
5.64,-8.72572965586168
5.65,-9.33781455423624
5.66,-9.94759548659421
5.67,-10.5549219986149
5.68,-11.1596442415692
5.69,-11.7616130092922
5.7,-12.3606797749979
5.71,-12.956696727926
5.72,-13.5495168098116
5.73,-14.1389937511703
5.74,-14.7249821073871
5.75,-15.3073372946036
5.76,-15.8859156253912
5.77,-16.4605743442043
5.78,-17.0311716626029
5.79,-17.5975667942366
5.8,-18.1596199895819
5.81,-18.717192570423
5.82,-19.2701469640686
5.83,-19.8183467372963
5.84,-20.3616566300149
5.85,-20.8999425886379
5.86,-21.4330717991598
5.87,-21.9609127199253
5.88,-22.4833351140853
5.89,-23.0002100817312
5.9,-23.5114100916989
5.91,-24.0168090130354
5.92,-24.516282146119
5.93,-25.0097062534282
5.94,-25.4969595899477
5.95,-25.9779219332074
5.96,-26.4524746129461
5.97,-26.9205005403909
5.98,-27.3818842371475
5.99,-27.8365118636926
6,-28.2842712474619
6.01,-28.7250519105275
6.02,-29.1587450968565
6.03,-29.5852437991443
6.04,-30.0044427852184
6.05,-30.4162386240013
6.06,-30.8205297110315
6.07,-31.2172162935333
6.08,-31.6062004950277
6.09,-31.9873863394837
6.1,-32.3606797749979
6.11,-32.725988697001
6.12,-33.0832229709824
6.13,-33.4322944547309
6.14,-33.7731170200806
6.15,-34.1056065741637
6.16,-34.4296810801578
6.17,-34.7452605775277
6.18,-35.0522672017546
6.19,-35.3506252035477
6.2,-35.6402609675347
6.21,-35.9211030304246
6.22,-36.1930820986408
6.23,-36.4561310654178
6.24,-36.7101850273592
6.25,-36.9551813004515
6.26,-37.1910594355301
6.27,-37.4177612331947
6.28,-37.635230758169
6.29,-37.8434143531018
6.3,-38.0422606518061
6.31,-38.2317205919331
6.32,-38.4117474270778
6.33,-38.582296738312
6.34,-38.7433264451453
6.35,-38.894796815907
6.36,-39.0366704775499
6.37,-39.1689124248706
6.38,-39.2914900291475
6.39,-39.4043730461909
6.4,-39.5075336238054
6.41,-39.6009463086622
6.42,-39.684588052579
6.43,-39.7584382182072
6.44,-39.8224785841232
6.45,-39.8766933493251
6.46,-39.9210691371309
6.47,-39.9555949984787
6.48,-39.9802624146293
6.49,-39.9950652992664
6.5,-40
6.51,-39.9950652992664
6.52,-39.9802624146293
6.53,-39.9555949984787
6.54,-39.9210691371309
6.55,-39.8766933493251
6.56,-39.8224785841232
6.57,-39.7584382182072
6.58,-39.684588052579
6.59,-39.6009463086622
6.6,-39.5075336238054
6.61,-39.4043730461909
6.62,-39.2914900291475
6.63,-39.1689124248706
6.64,-39.0366704775499
6.65,-38.894796815907
6.66,-38.7433264451453
6.67,-38.582296738312
6.68,-38.4117474270778
6.69,-38.2317205919333
6.7,-38.0422606518061
6.71,-37.8434143531018
6.72,-37.635230758169
6.73,-37.4177612331947
6.74,-37.1910594355301
6.75,-36.9551813004515
6.76,-36.7101850273592
6.77,-36.4561310654178
6.78,-36.1930820986408
6.79,-35.9211030304246
6.8,-35.6402609675347
6.81,-35.3506252035477
6.82,-35.0522672017546
6.83,-34.7452605775277
6.84,-34.4296810801578
6.85,-34.1056065741637
6.86,-33.7731170200806
6.87,-33.4322944547309
6.88,-33.0832229709826
6.89,-32.725988697001
6.9,-32.3606797749979
6.91,-31.9873863394837
6.92,-31.6062004950277
6.93,-31.2172162935331
6.94,-30.8205297110315
6.95,-30.4162386240013
6.96,-30.0044427852184
6.97,-29.5852437991443
6.98,-29.1587450968565
6.99,-28.7250519105275
7,-28.2842712474619
7.01,-27.8365118636926
7.02,-27.3818842371475
7.03,-26.9205005403909
7.04,-26.4524746129461
7.05,-25.9779219332074
7.06,-25.4969595899477
7.07,-25.0097062534282
7.08,-24.516282146119
7.09,-24.0168090130354
7.1,-23.5114100916989
7.11,-23.0002100817312
7.12,-22.4833351140853
7.13,-21.9609127199253
7.14,-21.4330717991598
7.15,-20.8999425886379
7.16,-20.3616566300149
7.17,-19.8183467372963
7.18,-19.2701469640686
7.19,-18.717192570423
7.2,-18.1596199895819
7.21,-17.5975667942366
7.22,-17.0311716626029
7.23,-16.4605743442043
7.24,-15.8859156253912
7.25,-15.3073372946036
7.26,-14.7249821073871
7.27,-14.1389937511703
7.28,-13.5495168098116
7.29,-12.956696727926
7.3,-12.3606797749979
7.31,-11.7616130092922
7.32,-11.1596442415692
7.33,-10.5549219986149
7.34,-9.94759548659421
7.35,-9.33781455423624
7.36,-8.7257296558617
7.37,-8.1114918142605
7.38,-7.49525258342901
7.39,-6.8771640111764
7.4,-6.25737860160928
7.41,-5.6360492775033
7.42,-5.01332934257218
7.43,-4.38937244364182
7.44,-3.76433253274061
7.45,-3.13836382911379
7.46,-2.51162078117254
7.47,-1.88425802838571
7.48,-1.25643036312516
7.49,-0.628292692472811
7.5,-4.89858719658941e-15
7.51,0.6282926924728
7.52,1.2564303631251
7.53,1.88425802838571
7.54,2.51162078117253
7.55,3.13836382911378
7.56,3.76433253274054
7.57,4.38937244364182
7.58,5.01332934257218
7.59,5.63604927750328
7.6,6.25737860160922
7.61,6.87716401117638
7.62,7.49525258342899
7.63,8.11149181426048
7.64,8.72572965586168
7.65,9.33781455423618
7.66,9.94759548659421
7.67,10.5549219986149
7.68,11.1596442415692
7.69,11.7616130092921
7.7,12.3606797749979
7.71,12.956696727926
7.72,13.5495168098116
7.73,14.1389937511703
7.74,14.7249821073871
7.75,15.3073372946036
7.76,15.8859156253912
7.77,16.4605743442043
7.78,17.0311716626029
7.79,17.5975667942366
7.8,18.1596199895819
7.81,18.7171925704229
7.82,19.2701469640686
7.83,19.8183467372963
7.84,20.3616566300149
7.85,20.8999425886379
7.86,21.4330717991598
7.87,21.9609127199253
7.88,22.4833351140853
7.89,23.0002100817312
7.9,23.5114100916989
7.91,24.0168090130354
7.92,24.516282146119
7.93,25.0097062534282
7.94,25.4969595899475
7.95,25.9779219332074
7.96,26.4524746129461
7.97,26.9205005403909
7.98,27.3818842371475
7.99,27.8365118636926
8,28.2842712474619
8.01,28.7250519105275
8.02,29.1587450968565
8.03,29.5852437991443
8.04,30.0044427852184
8.05,30.4162386240013
8.06,30.8205297110315
8.07,31.2172162935331
8.08,31.6062004950277
8.09,31.9873863394837
8.1,32.3606797749979
8.11,32.725988697001
8.12,33.0832229709826
8.13,33.4322944547307
8.14,33.7731170200806
8.15,34.1056065741637
8.16,34.4296810801578
8.17,34.7452605775277
8.18,35.0522672017546
8.19,35.3506252035477
8.2,35.6402609675347
8.21,35.9211030304246
8.22,36.1930820986408
8.23,36.4561310654178
8.24,36.7101850273592
8.25,36.9551813004515
8.26,37.1910594355301
8.27,37.4177612331947
8.28,37.635230758169
8.29,37.8434143531018
8.3,38.0422606518061
8.31,38.2317205919333
8.32,38.4117474270778
8.33,38.5822967383118
8.34,38.7433264451453
8.35,38.894796815907
8.36,39.0366704775499
8.37,39.1689124248707
8.38,39.2914900291475
8.39,39.404373046191
8.4,39.5075336238054
8.41,39.6009463086622
8.42,39.684588052579
8.43,39.7584382182072
8.44,39.8224785841232
8.45,39.8766933493251
8.46,39.9210691371309
8.47,39.9555949984787
8.48,39.9802624146293
8.49,39.9950652992664
8.5,40
8.51,39.9950652992664
8.52,39.9802624146293
8.53,39.9555949984789
8.54,39.9210691371309
8.55,39.8766933493251
8.56,39.8224785841232
8.57,39.7584382182072
8.58,39.684588052579
8.59,39.6009463086622
8.6,39.5075336238054
8.61,39.404373046191
8.62,39.2914900291475
8.63,39.1689124248707
8.64,39.0366704775499
8.65,38.894796815907
8.66,38.7433264451453
8.67,38.582296738312
8.68,38.4117474270778
8.69,38.2317205919333
8.7,38.0422606518061
8.71,37.8434143531018
8.72,37.6352307581691
8.73,37.4177612331947
8.74,37.1910594355301
8.75,36.9551813004515
8.76,36.7101850273592
8.77,36.4561310654178
8.78,36.1930820986408
8.79,35.9211030304246
8.8,35.6402609675347
8.81,35.3506252035477
8.82,35.0522672017546
8.83,34.7452605775277
8.84,34.4296810801578
8.85,34.1056065741637
8.86,33.7731170200806
8.87,33.4322944547307
8.88,33.0832229709826
8.89,32.725988697001
8.9,32.3606797749979
8.91,31.9873863394837
8.92,31.6062004950277
8.93,31.2172162935333
8.94,30.8205297110315
8.95,30.4162386240013
8.96,30.0044427852184
8.97,29.5852437991445
8.98,29.1587450968565
8.99,28.7250519105275
9,28.2842712474619
9.01,27.8365118636926
9.02,27.3818842371475
9.03,26.920500540391
9.04,26.4524746129461
9.05,25.9779219332074
9.06,25.4969595899475
9.07,25.0097062534282
9.08,24.516282146119
9.09,24.0168090130354
9.1,23.511410091699
9.11,23.0002100817312
9.12,22.4833351140851
9.13,21.9609127199253
9.14,21.4330717991598
9.15,20.8999425886379
9.16,20.3616566300149
9.17,19.8183467372963
9.18,19.2701469640686
9.19,18.717192570423
9.2,18.1596199895819
9.21,17.5975667942365
9.22,17.031171662603
9.23,16.4605743442043
9.24,15.8859156253912
9.25,15.3073372946036
9.26,14.7249821073872
9.27,14.1389937511703
9.28,13.5495168098117
9.29,12.956696727926
9.3,12.3606797749979
9.31,11.7616130092921
9.32,11.1596442415692
9.33,10.5549219986149
9.34,9.94759548659421
9.35,9.33781455423624
9.36,8.72572965586173
9.37,8.11149181426046
9.38,7.49525258342906
9.39,6.87716401117635
9.4,6.25737860160922
9.41,5.63604927750331
9.42,5.01332934257219
9.43,4.38937244364182
9.44,3.76433253274059
9.45,3.13836382911386
9.46,2.5116207811725
9.47,1.88425802838578
9.48,1.2564303631251
9.49,0.628292692472834
9.5,0
9.51,0
9.52,0
9.53,0
9.54,0
9.55,0
9.56,0
9.57,0
9.58,0
9.59,0
9.6,0
9.61,0
9.62,0
9.63,0
9.64,0
9.65,0
9.66,0
9.67,0
9.68,0
9.69,0
9.7,0
9.71,0
9.72,0
9.73,0
9.74,0
9.75,0
9.76,0
9.77,0
9.78,0
9.79,0
9.8,0
9.81,0
9.82,0
9.83,0
9.84,0
9.85,0
9.86,0
9.87,0
9.88,0
9.89,0
9.9,0
9.91,0
9.92,0
9.93,0
9.94,0
9.95,0
9.96,0
9.97,0
9.98,0
9.99,0
10,0
10.01,0
10.02,0
10.03,0
10.04,0
10.05,0
10.06,0
10.07,0
10.08,0
10.09,0
10.1,0
10.11,0
10.12,0
10.13,0
10.14,0
10.15,0
10.16,0
10.17,0
10.18,0
10.19,0
10.2,0
10.21,0
10.22,0
10.23,0
10.24,0
10.25,0
10.26,0
10.27,0
10.28,0
10.29,0
10.3,0
10.31,0
10.32,0
10.33,0
10.34,0
10.35,0
10.36,0
10.37,0
10.38,0
10.39,0
10.4,0
10.41,0
10.42,0
10.43,0
10.44,0
10.45,0
10.46,0
10.47,0
10.48,0
10.49,0
10.5,0
10.51,0
10.52,0
10.53,0
10.54,0
10.55,0
10.56,0
10.57,0
10.58,0
10.59,0
10.6,0
10.61,0
10.62,0
10.63,0
10.64,0
10.65,0
10.66,0
10.67,0
10.68,0
10.69,0
10.7,0
10.71,0
10.72,0
10.73,0
10.74,0
10.75,0
10.76,0
10.77,0
10.78,0
10.79,0
10.8,0
10.81,0
10.82,0
10.83,0
10.84,0
10.85,0
10.86,0
10.87,0
10.88,0
10.89,0
10.9,0
10.91,0
10.92,0
10.93,0
10.94,0
10.95,0
10.96,0
10.97,0
10.98,0
10.99,0
11,0
11.01,0
11.02,0
11.03,0
11.04,0
11.05,0
11.06,0
11.07,0
11.08,0
11.09,0
11.1,0
11.11,0
11.12,0
11.13,0
11.14,0
11.15,0
11.16,0
11.17,0
11.18,0
11.19,0
11.2,0
11.21,0
11.22,0
11.23,0
11.24,0
11.25,0
11.26,0
11.27,0
11.28,0
11.29,0
11.3,0
11.31,0
11.32,0
11.33,0
11.34,0
11.35,0
11.36,0
11.37,0
11.38,0
11.39,0
11.4,0
11.41,0
11.42,0
11.43,0
11.44,0
11.45,0
11.46,0
11.47,0
11.48,0
11.49,0
11.5,0
11.51,0
11.52,0
11.53,0
11.54,0
11.55,0
11.56,0
11.57,0
11.58,0
11.59,0
11.6,0
11.61,0
11.62,0
11.63,0
11.64,0
11.65,0
11.66,0
11.67,0
11.68,0
11.69,0
11.7,0
11.71,0
11.72,0
11.73,0
11.74,0
11.75,0
11.76,0
11.77,0
11.78,0
11.79,0
11.8,0
11.81,0
11.82,0
11.83,0
11.84,0
11.85,0
11.86,0
11.87,0
11.88,0
11.89,0
11.9,0
11.91,0
11.92,0
11.93,0
11.94,0
11.95,0
11.96,0
11.97,0
11.98,0
11.99,0
12,0
